H,B,t1,t2,r,Ix,unit_m
500,200,10,16,13,0.00046811,88.2
600,200,11,17,13,0.00075557,103
700,300,13,24,18,0.00197491,182
800,300,14,26,18,0.00286361,207
900,300,16,28,18,0.00404492,240
