No,H,B,t,r,F,A,Ix,Iy,Zp,unit_m,base_K,Mpx,Mpy
1,300,300,12,30,295,0.01333,0.000181,0.000181,0.00142,105,112.8455285,460.79,460.79
2,350,350,16,40,295,0.0205,0.000372,0.000372,0.00253,161,170.7317073,820.985,820.985
3,400,400,16,40,295,0.0237,0.000571,0.000571,0.00337,186,284.5528455,1093.565,1093.565
4,450,450,19,47.5,295,0.03152,0.000955,0.000955,0.00502,247,671.5447154,1628.99,1628.99
5,500,500,19,47.5,295,0.03532,0.00134,0.00134,0.00629,277,1071.544715,2041.105,2041.105
6,550,550,22,55,295,0.0448,0.00204,0.00204,0.00875,352,1310.569106,2839.375,2839.375
7,600,600,22,77,325,0.04837,0.00261,0.00261,0.0103,380,1604.878049,3682.25,3682.25
