H,B,t,r,Ix,Iy,unit_m
300,300,12,30,0.000181,0.000181,105
350,350,16,40,0.000372,0.000372,161
400,400,16,40,0.000571,0.000571,186
450,450,19,47.5,0.000955,0.000955,247
500,500,19,47.5,0.00134,0.00134,277
550,550,22,55,0.00204,0.00204,352
600,600,22,77,0.00261,0.00261,380
