No,H,B,t,r,F,A,Ix,Iy,Zp,unit_m,base_K,Mpx,Mpy
6,300,300,12,30,295,0.01333,0.000181,0.000181,0.00142,104.6405,112845.5285,460.79,460.79
9,350,350,12,30,295,0.01573,0.000294,0.000294,0.00197,123.4805,170731.7073,639.265,639.265
13,400,400,16,40,295,0.0237,0.000571,0.000571,0.00337,186.045,284552.8455,1093.565,1093.565
17,450,450,16,40,295,0.0269,0.000829,0.000829,0.00433,211.165,671544.7154,1405.085,1405.085
21,500,500,19,47.5,295,0.03532,0.00134,0.00134,0.00629,277.262,1071544.715,2041.105,2041.105
25,550,550,19,47.5,295,0.03912,0.00181,0.00181,0.0077,307.092,1310569.106,2498.65,2498.65
29,600,600,22,77,325,0.04837,0.00261,0.00261,0.0103,379.7045,1604878.049,3682.25,3682.25
