story,story_height,omega_1_floor,omega_2_floor,omega_1_seismic,omega_2_seismic,floor_area,outerwall_length
3,3.7000000000000011,7.6500000000000004,1,7.2999999999999998,1,305.72640000000001,72.319999999999993
2,3.3499999999999996,7.6500000000000004,1,7.2999999999999998,1,305.72640000000001,72.319999999999993
1,4.5,6.7999999999999998,1,5.7999999999999998,1,305.72640000000001,72.319999999999993
