Story,Story_height,omega_1,omega_2,floor_area
8,3.5,5.5,150,756.60000000000002
7,4.5,5.5,150,756.60000000000002
6,4.5,5.5,150,756.60000000000002
5,4.5,5.5,150,756.60000000000002
4,4.5,5.5,150,756.60000000000002
3,4.5,5.5,150,756.60000000000002
2,4.5,5.5,150,756.60000000000002
1,4.5,5.5,150,756.60000000000002
