Story,Story_height,omega_1,omega_2,floor_area
8,3.5,5.5,150,506.33999999999997
7,4.5,5.5,150,506.33999999999997
6,4.5,5.5,150,506.33999999999997
5,4.5,5.5,150,506.33999999999997
4,4.5,5.5,150,506.33999999999997
3,4.5,5.5,150,506.33999999999997
2,4.5,5.5,150,506.33999999999997
1,4.5,5.5,150,506.33999999999997
